{
"name": "nmOutputShape",
"flags": {
	"0": { "outline": [[0.260461,0.394682],[0.260278,0.175741],[0.200181,0.175741],[0.20085,0.394682]] },
	"1": { "outline": [[0.289172,0.0475385],[0.49875,0.0473803],[0.49875,0.000846495],[0.233366,0.00180887],[0.225187,0.0043693],[0.216275,0.00951094],[0.208095,0.0181321],[0.202114,0.031131],[0.199794,0.0494059],[0.200181,0.175741],[0.260278,0.175741],[0.26103,0.0654802],[0.263563,0.0591833],[0.268575,0.0534041],[0.27685,0.0491774]] },
	"2": { "outline": [[0.70743,0.0472228],[0.713717,0.0481575],[0.720634,0.051002],[0.727096,0.0566425],[0.732016,0.0659652],[0.734307,0.0798563],[0.734461,0.175741],[0.796058,0.175741],[0.794798,0.0342488],[0.790874,0.0220545],[0.785751,0.0144246],[0.777574,0.00747962],[0.765629,0.00249959],[0.749208,0.000764559],[0.49875,0.000846495],[0.49875,0.0473803]] },
	"3": { "outline": [[0.46965,0.36467],[0.4742,0.379999],[0.480527,0.387326],[0.490784,0.392671],[0.505891,0.394718],[0.764348,0.394214],[0.776394,0.391894],[0.783952,0.388385],[0.790861,0.382482],[0.795864,0.373561],[0.797706,0.360999],[0.796058,0.175741],[0.734461,0.175741],[0.734677,0.31053],[0.733717,0.321431],[0.731176,0.328955],[0.727683,0.333723],[0.723869,0.336353],[0.716805,0.337611],[0.546761,0.337611],[0.539789,0.335493],[0.535073,0.330275],[0.53218,0.323107],[0.530143,0.30752],[0.530167,0.282741],[0.469717,0.282741]] }
},
"outline": [[0.53023,0.218105],[0.61305,0.2164],[0.5,0.0851051],[0.38695,0.218105],[0.46977,0.218105],[0.46965,0.36467],[0.470881,0.372008],[0.4742,0.379999],[0.480527,0.387326],[0.490784,0.392671],[0.505891,0.394718],[0.764348,0.394214],[0.776394,0.391894],[0.783952,0.388385],[0.790861,0.382482],[0.795864,0.373561],[0.797706,0.360999],[0.794798,0.0342488],[0.790874,0.0220545],[0.785751,0.0144246],[0.777574,0.00747962],[0.765629,0.00249959],[0.749208,0.000764559],[0.239348,0.000931358],[0.233366,0.00180887],[0.225187,0.0043693],[0.216275,0.00951094],[0.208095,0.0181321],[0.202114,0.031131],[0.199794,0.0494059],[0.20085,0.394682],[0.260461,0.394682],[0.260191,0.0712594],[0.26103,0.0654802],[0.263563,0.0591833],[0.268575,0.0534041],[0.27685,0.0491774],[0.289172,0.0475385],[0.70743,0.0472228],[0.713717,0.0481575],[0.720634,0.051002],[0.727096,0.0566425],[0.732016,0.0659652],[0.734307,0.0798563],[0.734677,0.31053],[0.733717,0.321431],[0.731176,0.328955],[0.727683,0.333723],[0.723869,0.336353],[0.716805,0.337611],[0.546761,0.337611],[0.539789,0.335493],[0.535073,0.330275],[0.53218,0.323107],[0.530143,0.30752]],
"inputs": [[0.1,0.462,90],[0.166667,0.462,90],[0.233333,0.462,90],[0.3,0.462,90],[0.366667,0.462,90],[0.433333,0.462,90],[0.5,0.462,90],[0.566667,0.462,90],[0.633333,0.462,90],[0.7,0.462,90],[0.766667,0.462,90],[0.833333,0.462,90],[0.9,0.462,90]],
"outputs": [[0.1,-0.067,270],[0.166667,-0.067,270],[0.233333,-0.067,270],[0.3,-0.067,270],[0.366667,-0.067,270],[0.433333,-0.067,270],[0.5,-0.067,270],[0.566667,-0.067,270],[0.633333,-0.067,270],[0.7,-0.067,270],[0.766667,-0.067,270],[0.833333,-0.067,270],[0.9,-0.067,270]],
"icon": [[0.3525,0.00250001],[0.6475,0.2975]]
}